timestamps,open,high,low,close,volume,amount
2023.12.22,7604,7664,7570,7624,360461,409787
2023.12.25,7624,7644,7584,7627,344189,407095
2023.12.26,7636,7642,7593,7601,262324,409465
2023.12.27,7611,7650,7568,7632,336976,411030
2023.12.28,7641,7658,7595,7619,338313,403218
2023.12.29,7609,7624,7542,7560,326126,388945
2024.01.02,7523,7553,7454,7492,277024,389928
2024.01.03,7492,7507,7456,7477,269230,379087
2024.01.04,7480,7528,7435,7450,315821,379066
2024.01.05,7443,7449,7371,7377,296277,410609
2024.01.08,7371,7391,7304,7312,332538,449741
2024.01.09,7312,7349,7301,7317,322275,460959
2024.01.10,7322,7336,7205,7209,366902,511631
2024.01.11,7215,7264,7199,7247,278234,508290
2024.01.12,7263,7281,7240,7266,247305,496372
2024.01.15,7299,7367,7269,7352,318460,476189
2024.01.16,7346,7386,7334,7375,279169,450694
2024.01.17,7383,7396,7311,7315,272428,464577
2024.01.18,7300,7359,7271,7348,316306,449739
2024.01.19,7348,7369,7328,7356,229882,441734
2024.01.22,7364,7473,7360,7429,471435,383303
2024.01.23,7429,7477,7419,7467,249785,367457
2024.01.24,7467,7492,7450,7489,229839,369252
2024.01.25,7489,7507,7442,7456,245150,378462
2024.01.26,7447,7485,7429,7443,258700,371254
2024.01.29,7443,7530,7421,7519,355578,374777
2024.01.30,7520,7540,7451,7456,275745,379559
2024.01.31,7445,7490,7428,7440,296561,381524
2024.02.01,7439,7439,7342,7345,358332,387713
2024.02.02,7350,7379,7318,7322,269400,392254
2024.02.05,7318,7343,7307,7316,237217,403438
2024.02.06,7316,7398,7285,7383,300916,388188
2024.02.07,7383,7466,7355,7459,289168,374833
2024.02.08,7459,7488,7432,7461,198061,360188
2024.02.19,7535,7538,7475,7497,185440,371870
2024.02.20,7497,7509,7368,7376,293144,377163
2024.02.21,7363,7434,7352,7389,309313,372052
2024.02.22,7389,7415,7365,7400,244219,378591
2024.02.23,7398,7439,7385,7404,229884,389780
2024.02.26,7404,7457,7381,7382,341991,409701
2024.02.27,7382,7488,7368,7486,319247,418848
2024.02.28,7486,7529,7460,7468,348927,420544
2024.02.29,7468,7508,7452,7493,262092,417180
2024.03.01,7490,7518,7465,7497,253687,412952
2024.03.04,7530,7548,7463,7496,305556,400710
2024.03.05,7484,7499,7417,7418,282292,386855
2024.03.06,7406,7465,7406,7451,264771,378350
2024.03.07,7436,7452,7415,7415,272738,390307
2024.03.08,7425,7450,7393,7448,290602,397250
2024.03.11,7435,7486,7379,7470,481978,405316
2024.03.12,7470,7489,7426,7436,363434,393929
2024.03.13,7436,7466,7401,7426,304900,400450
2024.03.14,7446,7498,7420,7492,413326,401445
2024.03.15,7506,7593,7491,7590,520958,436920
2024.03.18,7593,7620,7530,7610,462813,447634
2024.03.19,7600,7648,7582,7617,382388,451386
2024.03.20,7618,7649,7601,7635,272564,450110
2024.03.21,7620,7625,7566,7593,340519,436356
2024.03.22,7593,7606,7518,7533,357980,404490
2024.03.25,7543,7551,7504,7506,275141,374646
2024.03.26,7526,7550,7488,7497,298413,353226
2024.03.27,7510,7527,7459,7470,270625,333046
2024.03.28,7477,7496,7451,7472,275667,324264
2024.03.29,7512,7515,7464,7483,222034,313000
2024.04.01,7483,7550,7479,7539,252804,307364
2024.04.02,7527,7567,7521,7560,240681,298983
2024.04.03,7567,7600,7562,7597,224686,283582
2024.04.08,7600,7621,7560,7589,224884,266139
2024.04.09,7596,7616,7580,7598,194477,255359
2024.04.10,7585,7602,7544,7577,227660,232247
2024.04.11,7584,7633,7561,7608,213209,223983
2024.04.12,7583,7598,7558,7575,188661,184036
2024.04.15,7597,7635,7559,7602,407805,318759
2024.04.16,7602,7649,7554,7580,477360,337576
2024.04.17,7590,7628,7572,7618,282474,350962
2024.04.18,7610,7635,7559,7608,434961,360312
2024.04.19,7610,7720,7575,7650,691168,407868
2024.04.22,7620,7657,7612,7626,353435,410356
2024.04.23,7625,7639,7545,7554,433689,389934
2024.04.24,7543,7572,7534,7555,282641,376448
2024.04.25,7561,7590,7545,7568,264168,370598
2024.04.26,7579,7628,7558,7626,346955,359227
2024.04.29,7632,7649,7608,7636,301061,376520
2024.04.30,7634,7649,7613,7619,238029,378247
2024.05.06,7574,7579,7508,7529,376441,397665
2024.05.07,7530,7608,7523,7593,385589,421062
2024.05.08,7587,7613,7563,7567,317435,419516
2024.05.09,7567,7591,7538,7558,332695,414836
2024.05.10,7561,7573,7501,7540,356232,420470
2024.05.13,7540,7586,7515,7584,357971,434253
2024.05.14,7590,7606,7555,7564,365196,434210
2024.05.15,7553,7594,7546,7590,282362,450789
2024.05.16,7577,7623,7561,7619,368968,478339
2024.05.17,7619,7777,7619,7774,593698,565159
2024.05.20,7785,7853,7774,7837,517263,581140
2024.05.21,7814,7855,7762,7794,439448,565378
2024.05.22,7795,7814,7763,7796,298926,554157
2024.05.23,7773,7787,7693,7718,392703,519693
2024.05.24,7736,7776,7728,7755,377612,506964
2024.05.27,7755,7833,7745,7832,390341,522831
2024.05.28,7855,7908,7801,7804,438717,520619
2024.05.29,7804,7844,7784,7833,288597,521069
2024.05.30,7867,7928,7833,7872,424564,519309
2024.05.31,7875,7920,7842,7843,362966,527575
2024.06.03,7856,7862,7712,7721,470486,478809
2024.06.04,7727,7733,7671,7685,350212,455172
2024.06.05,7678,7679,7633,7649,294123,438632
2024.06.06,7657,7693,7641,7673,278080,427004
2024.06.07,7673,7728,7663,7682,292374,410165
2024.06.11,7711,7725,7668,7682,231798,401488
2024.06.12,7679,7742,7665,7735,269844,402114
2024.06.13,7750,7760,7681,7712,284835,397674
2024.06.14,7700,7719,7666,7697,260077,390121
2024.06.17,7716,7720,7654,7666,370352,387368
2024.06.18,7672,7713,7664,7678,261439,376800
2024.06.19,7672,7775,7672,7747,387556,402003
2024.06.20,7758,7768,7727,7751,238808,408401
2024.06.21,7759,7775,7696,7717,350944,393631
2024.06.24,7720,7720,7651,7680,364846,377412
2024.06.25,7680,7745,7679,7738,355671,408121
2024.06.26,7739,7745,7689,7744,282273,420149
2024.06.27,7738,7757,7721,7736,287604,431996
2024.06.28,7746,7800,7736,7790,340596,442574
2024.07.01,7790,7808,7764,7796,257485,452928
2024.07.02,7796,7850,7787,7847,257202,474406
2024.07.03,7856,7865,7840,7860,203012,487755
2024.07.04,7854,7864,7799,7800,249234,491129
2024.07.05,7803,7814,7732,7743,317040,445268
2024.07.08,7752,7767,7710,7722,285879,416879
2024.07.09,7722,7749,7713,7723,222074,405568
2024.07.10,7720,7723,7656,7669,283722,398650
2024.07.11,7670,7732,7670,7697,275947,392921
2024.07.12,7695,7713,7675,7689,204066,387740
2024.07.15,7700,7708,7666,7682,243805,386831
2024.07.16,7683,7704,7663,7683,248521,377958
2024.07.17,7665,7712,7640,7664,259656,375729
2024.07.18,7664,7691,7653,7681,224706,360360
2024.07.19,7669,7688,7638,7638,257427,371605
2024.07.22,7638,7644,7586,7612,319980,372734
2024.07.23,7605,7632,7600,7603,194950,366248
2024.07.24,7595,7628,7576,7617,225929,359735
2024.07.25,7626,7629,7567,7573,193245,359179
2024.07.26,7568,7634,7566,7607,212557,348257
2024.07.29,7599,7620,7560,7602,308325,339038
2024.07.30,7602,7603,7533,7535,231642,354806
2024.07.31,7531,7640,7531,7637,288119,329803
2024.08.01,7645,7688,7630,7643,288986,307637
2024.08.02,7643,7678,7622,7659,208364,301105
2024.08.05,7634,7638,7566,7572,312862,278735
2024.08.06,7556,7587,7550,7550,206156,270682
2024.08.07,7531,7574,7523,7527,198996,272411
2024.08.08,7549,7571,7513,7521,228659,257124
2024.08.09,7523,7582,7515,7534,213147,239181
2024.08.12,7536,7559,7501,7556,196249,223510
2024.08.13,7571,7619,7559,7585,217720,190925
2024.08.14,7580,7587,7544,7562,168827,159491
2024.08.15,7568,7568,7504,7533,154568,144463
2024.08.16,7500,7542,7485,7489,258504,305050
2024.08.19,7480,7539,7474,7514,267040,321490
2024.08.20,7504,7540,7452,7513,400964,338633
2024.08.21,7520,7569,7516,7562,321705,346589
2024.08.22,7560,7594,7527,7529,300067,350506
2024.08.23,7529,7546,7502,7506,271464,358125
2024.08.26,7521,7615,7515,7605,355268,372837
2024.08.27,7630,7655,7618,7647,271500,382581
2024.08.28,7647,7649,7620,7630,220554,383012
2024.08.29,7616,7647,7610,7622,194627,396830
2024.08.30,7630,7653,7619,7628,221499,396971
2024.09.02,7628,7628,7532,7538,339594,391837
2024.09.03,7549,7563,7505,7509,256244,384631
2024.09.04,7490,7496,7381,7388,502561,441596
2024.09.05,7396,7399,7328,7342,349972,473287
2024.09.06,7352,7391,7325,7341,355187,477597
2024.09.09,7341,7354,7268,7319,339581,481555
2024.09.10,7319,7337,7260,7275,293716,491941
2024.09.11,7275,7293,7204,7292,364843,485048
2024.09.12,7298,7343,7245,7325,335085,480515
2024.09.13,7308,7317,7258,7264,283176,482777
2024.09.18,7285,7298,7225,7267,264510,483105
2024.09.19,7277,7339,7235,7333,328034,481253
2024.09.20,7345,7353,7291,7303,307895,512524
2024.09.23,7290,7295,7227,7233,374179,552439
2024.09.24,7242,7372,7222,7360,408157,525436
2024.09.25,7375,7441,7352,7354,454334,455811
2024.09.26,7345,7408,7334,7368,331246,437654
2024.09.27,7388,7445,7369,7435,317926,403504
2024.09.30,7435,7612,7416,7594,431225,357315
2024.10.08,7785,7797,7687,7720,413681,328833
2024.10.09,7720,7725,7617,7655,376544,346523
2024.10.10,7649,7672,7592,7630,301620,354480
2024.10.11,7645,7676,7632,7662,255502,345602
2024.10.14,7654,7694,7623,7643,290030,354032
2024.10.15,7636,7639,7533,7546,327170,352854
2024.10.16,7535,7579,7528,7532,248520,345799
2024.10.17,7532,7563,7456,7460,269898,339868
2024.10.18,7458,7525,7455,7515,222864,341096
2024.10.21,7502,7506,7423,7441,266952,350710
2024.10.22,7455,7474,7432,7457,186349,341058
2024.10.23,7472,7502,7464,7471,203500,339221
2024.10.24,7465,7509,7452,7503,192095,334314
2024.10.25,7495,7550,7482,7495,238289,329575
2024.10.28,7495,7538,7462,7525,292210,331981
2024.10.29,7504,7514,7415,7451,282622,332391
2024.10.30,7463,7468,7382,7411,217100,351957
2024.10.31,7425,7474,7408,7450,247694,347241
2024.11.01,7450,7480,7440,7455,196544,336974
2024.11.04,7444,7473,7422,7454,182186,341776
2024.11.05,7463,7485,7433,7472,197419,340809
2024.11.06,7481,7495,7404,7427,262504,341970
2024.11.07,7400,7519,7373,7499,332084,330684
2024.11.08,7499,7522,7449,7462,292310,341529
2024.11.11,7460,7478,7405,7435,265878,331374
2024.11.12,7420,7452,7415,7441,180498,328259
2024.11.13,7449,7468,7423,7441,207849,317399
2024.11.14,7441,7450,7420,7432,202891,307373
2024.11.15,7459,7500,7410,7413,357157,301972
2024.11.18,7422,7440,7383,7436,257380,303836
2024.11.19,7426,7490,7421,7490,243766,299840
2024.11.20,7490,7535,7472,7528,255357,311191
2024.11.21,7520,7554,7498,7517,226566,302666
2024.11.22,7529,7559,7502,7513,215551,295743
2024.11.25,7500,7534,7480,7520,222148,280836
2024.11.26,7514,7548,7489,7532,199492,287140
2024.11.27,7532,7545,7500,7525,172406,273225
2024.11.28,7545,7547,7503,7516,182906,265821
2024.11.29,7505,7549,7495,7542,174028,264465
2024.12.02,7542,7570,7505,7555,223620,261405
2024.12.03,7560,7562,7502,7540,174957,235629
2024.12.04,7552,7552,7486,7508,167865,218955
2024.12.05,7520,7520,7445,7452,171993,201240
2024.12.06,7465,7465,7402,7418,174151,175209
2024.12.09,7419,7429,7394,7425,238504,373410
2024.12.10,7449,7484,7432,7440,273356,378509
2024.12.11,7440,7466,7431,7457,196023,390336
2024.12.12,7466,7500,7454,7491,202276,401013
2024.12.13,7487,7491,7455,7463,215123,396844
2024.12.16,7457,7471,7433,7467,240804,409021
2024.12.17,7467,7476,7432,7441,211694,430370
2024.12.18,7430,7446,7411,7417,258533,458939
2024.12.19,7420,7442,7371,7406,328280,469750
2024.12.20,7400,7419,7352,7359,264502,504346
2024.12.23,7360,7427,7342,7419,317833,507685
2024.12.24,7406,7434,7403,7428,239731,494008
2024.12.25,7428,7450,7401,7402,209427,494758
2024.12.26,7402,7435,7392,7407,184981,487961
2024.12.27,7407,7431,7367,7370,227156,503569
2024.12.30,7376,7416,7371,7393,214530,493324
2024.12.31,7400,7480,7393,7477,361876,467325
2025.01.02,7480,7507,7465,7495,253319,476369
2025.01.03,7499,7502,7430,7432,293826,457785
2025.01.06,7423,7450,7351,7354,437260,443473
2025.01.07,7368,7379,7315,7323,292420,451222
2025.01.08,7340,7349,7305,7310,254762,482629
2025.01.09,7310,7360,7308,7343,275693,482712
2025.01.10,7355,7385,7341,7362,212502,469017
2025.01.13,7390,7459,7388,7434,386202,447938
2025.01.14,7439,7448,7417,7425,248103,442741
2025.01.15,7427,7452,7410,7442,218459,443554
2025.01.16,7442,7492,7435,7467,343214,425653
2025.01.17,7466,7486,7421,7469,256976,420342
2025.01.20,7472,7476,7431,7444,255264,406519
2025.01.21,7445,7458,7400,7400,259498,403243
2025.01.22,7390,7394,7353,7359,259999,395560
2025.01.23,7359,7384,7321,7333,233968,409285
2025.01.24,7333,7360,7328,7335,175829,404868
2025.01.27,7344,7407,7334,7381,212331,372966
2025.02.05,7361,7380,7341,7346,174098,389359
2025.02.06,7346,7354,7319,7339,221530,423721
2025.02.07,7340,7426,7339,7401,291272,409215
2025.02.10,7392,7430,7389,7412,224404,416577
2025.02.11,7412,7430,7403,7430,195710,413046
2025.02.12,7440,7450,7422,7445,206199,398248
2025.02.13,7444,7444,7361,7371,269987,401522
2025.02.14,7371,7420,7365,7395,220582,401062
2025.02.17,7395,7420,7375,7417,212945,391772
2025.02.18,7417,7422,7395,7412,164856,389861
2025.02.19,7410,7424,7397,7414,177580,392838
2025.02.20,7414,7425,7393,7410,176714,394693
2025.02.21,7410,7432,7375,7378,276900,405564
2025.02.24,7372,7399,7358,7366,224174,412890
2025.02.25,7371,7374,7348,7353,166675,421657
2025.02.26,7347,7347,7289,7320,329352,494936
2025.02.27,7315,7373,7302,7370,266084,462971
2025.02.28,7374,7394,7360,7368,247045,425108
2025.03.03,7368,7396,7354,7387,245401,407371
2025.03.04,7387,7393,7342,7343,243858,413835
2025.03.05,7337,7337,7298,7307,321131,452800
2025.03.06,7295,7324,7275,7323,337157,470068
2025.03.07,7324,7338,7300,7319,196555,464305
2025.03.10,7330,7357,7313,7318,268069,447377
2025.03.11,7330,7330,7281,7309,247549,459870
2025.03.12,7320,7325,7245,7251,323893,482966
2025.03.13,7268,7292,7253,7255,258398,485275
2025.03.14,7260,7302,7248,7291,287006,468918
2025.03.17,7291,7293,7254,7282,268460,460031
2025.03.18,7290,7290,7245,7267,234267,462545
2025.03.19,7275,7278,7228,7234,249256,470146
2025.03.20,7245,7266,7225,7254,230380,465203
2025.03.21,7248,7277,7224,7254,232071,450364
2025.03.24,7255,7337,7250,7336,335433,408937
2025.03.25,7321,7342,7310,7314,217470,386283
2025.03.26,7330,7338,7312,7328,227695,385001
2025.03.27,7330,7355,7329,7347,232208,365320
2025.03.28,7347,7368,7330,7339,256839,345250
2025.03.31,7339,7349,7276,7313,306650,326475
2025.04.01,7320,7360,7310,7352,263252,316425
2025.04.02,7342,7385,7333,7365,249844,308231
2025.04.03,7355,7375,7333,7348,255705,280097
2025.04.07,7200,7272,7117,7197,440189,245078
2025.04.08,7205,7253,7188,7200,323099,213258
2025.04.09,7200,7255,7090,7194,427178,192964
2025.04.10,7164,7411,7158,7279,424579,151876
2025.04.11,7173,7204,7161,7189,316848,303020
2025.04.14,7181,7215,7168,7189,269738,328902
2025.04.15,7196,7200,7118,7124,277632,368467
2025.04.16,7110,7138,7094,7098,217443,384550
2025.04.17,7111,7137,7088,7099,238065,395649
2025.04.18,7118,7137,7094,7124,259205,400692
2025.04.21,7120,7131,7090,7112,289879,409367
2025.04.22,7100,7105,7056,7073,294369,433176
2025.04.23,7073,7148,7062,7137,334770,410061
2025.04.24,7120,7124,7064,7092,307431,410934
2025.04.25,7092,7124,7084,7097,243518,406762
2025.04.28,7088,7128,7085,7112,236249,397139
2025.04.29,7105,7112,7065,7092,226916,401428
2025.04.30,7090,7092,7041,7041,238009,408946
2025.05.06,7025,7036,6973,6995,273032,444194
2025.05.07,6995,7090,6995,7029,321988,429904
2025.05.08,7010,7020,6967,6985,266940,465901
2025.05.09,7001,7020,6963,6967,254390,476705
2025.05.12,6975,7033,6935,7030,399837,457686
2025.05.13,7070,7096,7024,7074,418406,446167
2025.05.14,7088,7193,7081,7193,521555,425856
2025.05.15,7187,7189,7134,7161,379584,419929
2025.05.16,7152,7155,7086,7093,281933,419626
2025.05.19,7096,7133,7060,7078,277322,414785
2025.05.20,7081,7088,7029,7047,264900,426777
2025.05.21,7046,7077,7035,7054,230480,430825
2025.05.22,7054,7056,6990,7001,257366,450493
2025.05.23,6999,7004,6947,6948,258056,471975
2025.05.26,6945,6979,6915,6929,302283,492604
2025.05.27,6922,6927,6869,6896,320794,525194
2025.05.28,6900,6910,6871,6893,318073,520503
2025.05.29,6900,6933,6846,6918,392793,521138
2025.05.30,6900,6903,6856,6875,267599,514977
2025.06.03,6910,6918,6861,6884,237437,522885
2025.06.04,6876,6953,6876,6948,296705,513164
2025.06.05,6937,6944,6893,6911,262875,517428
2025.06.06,6919,6945,6911,6925,227223,517880
2025.06.09,6930,6953,6917,6932,229503,516339
2025.06.10,6930,6976,6906,6941,295028,511475
2025.06.11,6947,6983,6935,6960,224195,501412
2025.06.12,6980,7001,6957,6969,208464,490786
2025.06.13,6956,7122,6933,7089,634510,456225
2025.06.16,7103,7145,7064,7133,398212,460472
2025.06.17,7118,7134,7070,7125,314038,455542
2025.06.18,7140,7226,7137,7214,396517,477053
2025.06.19,7215,7279,7213,7274,390693,487507
2025.06.20,7280,7306,7229,7242,375574,494883
2025.06.23,7235,7288,7195,7262,387080,488510
2025.06.24,7238,7253,7056,7074,567068,448435
2025.06.25,7080,7085,7054,7084,268911,424343
2025.06.26,7084,7110,7064,7108,304272,429367
2025.06.27,7095,7137,7087,7103,223643,425262
2025.06.30,7098,7120,7067,7070,218846,425759
2025.07.01,7077,7077,7025,7044,210887,423329
2025.07.02,7055,7083,7035,7072,223735,411306
2025.07.03,7086,7105,7066,7074,206902,410193
2025.07.04,7088,7112,7070,7078,210061,414623
2025.07.07,7074,7082,7043,7057,171188,405039
2025.07.08,7066,7070,7042,7045,171651,402080
2025.07.09,7048,7080,7040,7078,183918,396080
2025.07.10,7080,7123,7075,7112,219392,396203
2025.07.11,7100,7105,7053,7069,241668,394188
2025.07.14,7065,7091,7042,7067,229429,391848
2025.07.15,7080,7080,7008,7015,272551,397459
2025.07.16,7018,7029,7003,7013,187449,411187
2025.07.17,7001,7027,6999,7020,167459,415347
2025.07.18,7023,7046,7000,7013,242576,413423
2025.07.21,7024,7102,7023,7091,361218,392674
2025.07.22,7091,7173,7076,7168,395880,382806
2025.07.23,7150,7170,7073,7096,338236,356155
2025.07.24,7101,7198,7091,7181,333667,360171
2025.07.25,7185,7239,7171,7221,308611,355640
2025.07.28,7240,7242,7108,7130,344922,325802
2025.07.29,7139,7165,7130,7160,219303,308754
2025.07.30,7153,7197,7136,7145,208517,299702
2025.07.31,7163,7163,7106,7118,188972,288497
2025.08.01,7110,7139,7084,7098,173374,278623
2025.08.04,7098,7108,7049,7074,202535,260222
2025.08.05,7049,7104,7047,7095,162173,258551
2025.08.06,7090,7100,7071,7078,135233,251424
2025.08.07,7078,7088,7061,7075,156261,245597
2025.08.08,7079,7082,7054,7062,143578,229016
2025.08.11,7069,7099,7056,7095,162217,201314
2025.08.12,7102,7113,7086,7091,141942,165791
2025.08.13,7128,7128,7105,7107,163894,329308
2025.08.14,7100,7114,7070,7085,223369,350547
2025.08.15,7084,7102,7069,7084,175405,363357
2025.08.18,7073,7081,7032,7048,198520,391720
2025.08.19,7046,7048,7010,7016,198360,416594
2025.08.20,7011,7061,6970,7056,341106,442583
2025.08.21,7050,7064,7020,7048,252769,453181
2025.08.22,7048,7063,7027,7038,169664,465588
2025.08.25,7033,7080,7033,7074,209222,468785
2025.08.26,7079,7090,7045,7046,183034,474346
2025.08.27,7041,7056,7014,7021,185187,481684
2025.08.28,7026,7029,6997,7020,172440,496465
2025.08.29,7020,7025,6967,6974,217926,528243
2025.09.01,6990,6990,6921,6965,294958,558606
2025.09.02,6967,6978,6935,6943,206293,572749
2025.09.03,6943,6985,6940,6954,186905,579733
2025.09.04,6940,6948,6915,6939,207771,595380
2025.09.05,6939,6978,6924,6961,227037,601348
2025.09.08,6950,6970,6937,6968,181753,606944
2025.09.09,6970,6973,6931,6949,164435,610673
2025.09.10,6943,6967,6936,6948,172820,614906
2025.09.11,6952,6964,6927,6939,197721,624199
2025.09.12,6931,6932,6890,6913,255093,643355
2025.09.15,6933,6976,6914,6966,297850,616154
2025.09.16,6970,7017,6967,6970,324397,581302
2025.09.17,6977,6996,6970,6982,183494,570841
2025.09.18,6983,6990,6920,6926,234762,574719
2025.09.19,6930,6937,6904,6914,230403,609908
2025.09.22,6917,6927,6862,6873,221626,645243
2025.09.23,6866,6870,6830,6842,188643,652377
2025.09.24,6860,6897,6847,6877,178124,636504
2025.09.25,6890,6904,6880,6898,166035,628037
2025.09.26,6890,6930,6868,6893,229349,609770
2025.09.29,6899,6918,6882,6903,206788,602003
2025.09.30,6898,6898,6850,6852,197096,584148
2025.10.09,6800,6805,6706,6745,338214,623606
2025.10.10,6745,6772,6709,6722,251636,634901
2025.10.13,6709,6740,6668,6693,369442,643294
2025.10.14,6679,6680,6582,6602,365570,665454
2025.10.15,6575,6621,6561,6595,270926,667779
2025.10.16,6597,6631,6555,6618,264044,661984
2025.10.17,6620,6633,6541,6551,219232,661751
2025.10.20,6566,6623,6565,6565,257663,654849
2025.10.21,6560,6619,6530,6583,318981,649100
2025.10.22,6610,6642,6575,6619,253179,633255
2025.10.23,6633,6710,6616,6691,320558,618484
2025.10.24,6710,6710,6657,6662,229145,608100
2025.10.27,6689,6707,6654,6699,262100,608347
2025.10.28,6682,6702,6645,6657,228673,611345
2025.10.29,6654,6690,6635,6685,201901,612658
2025.10.30,6693,6699,6643,6651,237497,613335
2025.10.31,6651,6669,6582,6590,294656,624690
2025.11.03,6600,6629,6573,6576,297804,624712
2025.11.04,6560,6589,6544,6560,257622,628448
2025.11.05,6550,6552,6477,6491,345070,644601
2025.11.06,6490,6490,6415,6471,387014,652784
2025.11.07,6479,6493,6447,6464,256842,655336
2025.11.10,6457,6488,6442,6480,276564,642285
2025.11.11,6467,6491,6426,6429,217999,641551
2025.11.12,6440,6474,6434,6460,220354,636592
2025.11.13,6445,6480,6412,6480,330467,628423
2025.11.14,6484,6518,6468,6474,308865,622052
2025.11.17,6474,6482,6446,6467,231256,632878
2025.11.18,6473,6488,6375,6392,314026,638372
2025.11.19,6403,6444,6394,6434,312085,620333
2025.11.20,6400,6431,6368,6400,334339,617955
2025.11.21,6409,6421,6356,6357,233476,626835
2025.11.24,6351,6402,6315,6372,374416,605178
2025.11.25,6363,6378,6313,6317,275922,605759
2025.11.26,6306,6332,6258,6265,442760,586572
2025.11.27,6261,6314,6261,6295,306411,557253
2025.11.28,6302,6413,6302,6409,424635,506658
2025.12.01,6400,6428,6382,6397,336088,488944
2025.12.02,6397,6426,6391,6410,257907,469013
2025.12.03,6410,6417,6361,6382,228079,459901
2025.12.04,6385,6386,6329,6359,206027,450199
2025.12.05,6355,6358,6273,6287,259821,434508
2025.12.08,6278,6292,6233,6275,299256,423064
2025.12.09,6260,6274,6192,6192,245848,411158
2025.12.10,6209,6220,6161,6162,272617,380203
2025.12.11,6182,6232,6167,6177,257560,351293
2025.12.12,6176,6186,6110,6129,285479,293184
2025.12.15,6177,6315,6165,6254,478514,486544
2025.12.16,6240,6278,6230,6256,303323,497942
2025.12.17,6250,6275,6226,6254,302658,519494
2025.12.18,6266,6312,6263,6279,330436,523495
2025.12.19,6272,6273,6200,6213,375015,533959
2025.12.22,6220,6224,6115,6119,431059,547795
2025.12.23,6137,6221,6102,6158,492480,558340
2025.12.24,6166,6281,6157,6278,455950,539752
2025.12.25,6270,6302,6242,6266,345419,536001
2025.12.26,6263,6308,6200,6292,475182,530699
2025.12.29,6300,6321,6257,6274,383843,517460
2025.12.30,6282,6346,6271,6321,368494,541379
2025.12.31,6348,6375,6326,6348,352722,507887
2026.01.05,6365,6396,6309,6330,318298,508422
2026.01.06,6355,6439,6345,6423,396179,521569
2026.01.07,6426,6510,6425,6486,485035,520378
2026.01.08,6500,6532,6456,6484,464634,511792
2026.01.09,6498,6519,6458,6514,374283,503324
2026.01.12,6507,6564,6431,6560,501126,502710
2026.01.13,6542,6578,6500,6545,427937,493438
2026.01.14,6563,6607,6545,6590,424090,484356
2026.01.15,6612,6664,6552,6592,467814,491662
2026.01.16,6580,6604,6489,6496,439439,485733
2026.01.19,6517,6532,6477,6482,302551,470494
2026.01.20,6488,6490,6429,6461,293620,466241
2026.01.21,6470,6491,6446,6485,291242,468323
2026.01.22,6491,6624,6491,6624,422990,486782
2026.01.23,6597,6687,6584,6656,555332,498932
2026.01.26,6665,6749,6657,6737,524463,521131
2026.01.27,6726,6728,6653,6709,408475,525931
2026.01.28,6710,6808,6697,6778,553527,543384
2026.01.29,6780,6898,6780,6870,471031,556684
2026.01.30,6880,6959,6765,6824,704541,529952
2026.02.02,6857,6896,6669,6714,634599,509663
2026.02.03,6728,6771,6681,6730,413952,509892
2026.02.04,6747,6824,6727,6801,380922,521043
2026.02.05,6788,6788,6658,6676,438314,497935
2026.02.06,6669,6708,6607,6691,385619,483821
2026.02.09,6666,6684,6630,6630,252557,490341
2026.02.10,6670,6691,6627,6688,257385,488568
2026.02.11,6665,6720,6665,6693,246301,486837
2026.02.12,6715,6730,6648,6648,210709,479342
2026.02.13,6628,6655,6552,6568,287737,454028
2026.02.24,6650,6766,6640,6746,303551,472393
2026.02.25,6733,6769,6709,6720,273883,479778
2026.02.26,6757,6782,6666,6675,380374,507462
2026.02.27,6658,6658,6554,6611,407409,490473
2026.03.02,6680,6998,6635,6998,888436,498613
2026.03.03,7037,7223,7021,7223,1031797,502966
2026.03.04,7450,7646,7188,7506,1554019,464543
2026.03.05,7360,7719,7282,7458,1514753,476193
2026.03.06,7555,7800,7424,7797,1233367,493414
2026.03.09,8034,8034,7944,8034,535709,480035
2026.03.10,8727,8727,7500,7820,1454118,363820
2026.03.11,8000,8298,7633,8197,1181121,421712
2026.03.12,8399,8697,8270,8303,1381318,410773
2026.03.13,8350,8763,8314,8603,1291066,420700
2026.03.16,8550,9090,8447,8857,1179294,415782
2026.03.17,8750,8768,8460,8671,923271,373301
2026.03.18,8625,8895,8530,8628,945787,372576
2026.03.19,9005,9348,8896,9158,1188717,390530
2026.03.20,9140,9197,8762,9019,1021174,361277
2026.03.23,9110,9793,9066,9793,1011727,399150
2026.03.24,9250,9542,9073,9114,1328839,339558
2026.03.25,9250,9280,8557,8975,1186296,339198
2026.03.26,9050,9246,8888,9120,1030746,343310
2026.03.27,9260,9365,9118,9313,867414,357307
2026.03.30,9500,9730,9240,9269,1032463,337577
2026.03.31,9269,9393,9019,9103,912841,319551
2026.04.01,9111,9190,8739,8764,1049034,285664
2026.04.02,8885,9246,8828,9130,930583,282079
2026.04.03,9400,9425,8912,9400,859945,289174
2026.04.07,9555,9980,9460,9865,777764,322441
2026.04.08,9858,9905,8880,8902,1055114,250480
2026.04.09,8800,9125,8714,9117,702807,239613
2026.04.10,9200,9200,8889,8963,701371,234679
2026.04.13,8900,9249,8803,9005,690128,225388
2026.04.14,8974,9034,8850,8939,416132,210032
2026.04.15,8928,9007,8834,8945,359477,192947
2026.04.16,8371,8462,8314,8446,486712,361445
2026.04.17,8466,8538,8373,8429,532830,374572
2026.04.20,8120,8375,8120,8228,775306,398671
2026.04.21,8220,8276,8116,8220,544387,399412
2026.04.22,8220,8346,8173,8278,553804,396577
2026.04.23,8319,8375,8257,8349,474790,397318
2026.04.24,8325,8450,8310,8394,444213,410789
2026.04.27,8388,8598,8371,8553,563120,434030
2026.04.28,8554,8758,8533,8752,492040,448385
2026.04.29,8788,8814,8694,8771,465823,452266
2026.04.30,8850,8850,8752,8822,442442,443162
2026.05.06,8812,8986,8801,8960,412967,480074
2026.05.07,8800,8816,8555,8589,662964,471905
2026.05.08,8500,8625,8470,8557,493404,467644
2026.05.11,8572,8740,8556,8685,570523,500603
2026.05.12,8676,8831,8625,8811,507364,546948
2026.05.13,8810,8839,8717,8818,458134,551625
2026.05.14,8845,8912,8664,8686,574716,542619
2026.05.15,8680,8820,8667,8749,531507,554526
2026.05.18,8800,9026,8718,8940,633258,583653
2026.05.19,8800,8960,8759,8944,618587,592010
2026.05.20,8968,9088,8914,8920,660741,586679
2026.05.21,8898,8969,8848,8890,626312,591252
2026.05.22,8940,8958,8685,8792,762201,584584
2026.05.25,8740,8867,8472,8577,958398,559750
2026.05.26,8568,8577,8446,8476,577617,543377
2026.05.27,8488,8628,8398,8446,683729,531272
2026.05.28,8345,8553,8337,8491,644269,549543
2026.05.29,8482,8524,8394,8484,623477,546436
2026.06.01,8456,8655,8423,8612,617121,555665
2026.06.02,8598,8788,8575,8651,721349,558734
2026.06.03,8651,8812,8636,8795,600638,588699
2026.06.04,8800,8814,8650,8683,508215,579585
2026.06.05,8638,8774,8619,8714,498218,601174
2026.06.08,8716,9008,8664,8989,818191,652490
2026.06.09,8898,8900,8672,8753,686379,611733
2026.06.10,8740,8740,8556,8649,832786,585360
2026.06.11,8666,8793,8661,8712,593376,597174
2026.06.12,8730,8769,8548,8596,759115,589081
2026.06.15,8590,8692,8178,8259,1081511,579980
2026.06.16,8211,8249,7880,8004,994855,555568
2026.06.17,7875,8019,7792,7828,874060,540433
2026.06.18,7850,7900,7632,7647,839170,524585
2026.06.22,7730,7821,7506,7557,708439,537562
2026.06.23,7510,7581,7366,7379,844559,530793
2026.06.24,7379,7442,7272,7278,875729,535931
2026.06.25,7250,7252,7087,7104,441106,547994
